id,mutated,cleaned
0,lodsd;sub eax ebx;push edx;mov edx 769D93D9h;xor eax edx;push dword ptr [esp];pop edx;push ebp;mov ebp esp;add ebp 4;add ebp 4;xchg ebp [esp];pop esp;push 28D2h;mov [esp] esi;mov esi 5955h;push ebx;mov ebx 713981AEh;xor esi ebx;pop ebx;xor eax esi;pop esi;xor ebx eax;push ecx;mov ecx 4A1h;add ecx 6A7Bh;add ecx 0FFFF9110h;add ecx edi;add eax [ecx];push dword ptr [esp];pop ecx;add esp 4;push ecx;mov ecx esp;add ecx 4;sub ecx 4;push ecx;push dword ptr [esp+4];pop ecx;pop dword ptr [esp];mov esp [esp];mov [esp] eax;,pop ecx;shl dword ptr [esp] cl;
1,mov ax [esp];push edi;mov edi esp;push eax;mov eax 4;add edi eax;pop eax;add edi 2;xchg edi [esp];mov esp [esp];and [esp] al;pushf;,pop esp;
2,lodsd;cmp dword ptr [edi+20h] 0;jz loc_1CC73;add esi eax;mov ebx 245h;push 1D51h;mov [esp] edx;mov edx 0;sub edx ebx;xchg edx ebx;pop edx;shr ebx 14h;push ecx;mov ecx 0FFFh;sub ebx ecx;pop ecx;label_1cc73:;push edi;mov edi esp;add edi 4;push eax;mov eax 4;sub edi eax;pop eax;xchg edi [esp];pop esp;mov [esp] eax;pop eax;,pop eax;xor [esp] eax;
3,mov cx [esp];push eax;mov eax esp;push edx;mov edx 4;add eax edx;mov edx [esp];add esp 4;add eax 2;xchg eax [esp];pop esp;ror byte ptr [esp] cl;pushf;,pop ax;btr [esp] ax;pushf;
4,pop dword ptr [edi+3Ch];,and dword ptr [edi+1Ch] 0FFFFFDFFh;
5,mov cx [esp];push 417Eh;mov [esp] edx;mov edx esp;add edx 4;add edx 2;xor edx [esp];xor [esp] edx;xor edx [esp];pop esp;mov ax [esp];push edx;mov edx esp;push edi;mov edi 4;add edx edi;pop edi;add edx 2;xchg edx [esp];mov esp [esp];mul  cx;push edi;push esp;pop edi;push edx;mov edx 4;add edi edx;pop edx;sub edi 2;xchg edi [esp];pop esp;mov [esp] dx;push ax;pushf;,pop ax;sub [esp] al;pushf;
6,mov cx [esp];sub esp 4;mov [esp] ebx;mov ebx esp;add ebx 4;add ebx 2;xor ebx [esp];xor [esp] ebx;xor ebx [esp];pop esp;mov ax [esp];push 3AFEh;mov [esp] ecx;push esp;pop ecx;add ecx 4;add ecx 2;xchg ecx [esp];pop esp;mul  cl;movzx cx ah;push eax;mov eax esp;push edi;mov edi 4;add eax edi;pop edi;push esi;mov esi 2;sub eax esi;pop esi;xchg eax [esp];pop esp;mov [esp] cx;movzx cx al;push cx;pushf;,pop ax;or [esp] ax;pushf;
7,mov ax [esp];push ecx;mov ecx esp;add ecx 4;push eax;push ecx;mov ecx 2;mov eax ecx;pop ecx;add ecx eax;pop eax;xchg ecx [esp];pop esp;mov fs:[edx] ax;,pop cx;shl byte ptr [esp] cl;pushf;
8,lodsd;sub eax ebx;push edx;push ecx;mov ecx 53F9h;sub ecx 5AB0h;add ecx 4E3Eh;not ecx;add ecx 4B60DA45h;push ecx;pop edx;pop ecx;add eax edx;pop edx;push 1A5Eh;mov [esp] ecx;mov ecx 27785512h;sub eax ecx;push dword ptr [esp];pop ecx;add esp 4;sub ebx eax;xor edx eax;,push esp;
9,lodsd;add esi eax;mov ebx 2B7Bh;push 2EB2h;mov [esp] ecx;mov ecx 9E6h;xor ebx ecx;mov ecx [esp];add esp 4;xor ebx 229Dh;,pop ax;pop cx;test cx ax;pushf;
10,mov cx [esp];push eax;push esp;pop eax;add eax 4;push edx;mov edx 2;add eax edx;pop edx;xchg eax [esp];pop esp;rol word ptr [esp] cl;pushf;,pop cx;rol word ptr [esp] cl;pushf;
11,mov ax [esp];push ecx;push esp;pop ecx;add ecx 4;push esi;mov esi 2;add ecx esi;pop esi;xchg ecx [esp];pop esp;add [esp] ax;pushf;,pop ax;add [esp] ax;pushf;
12,mov ax [esp];push edx;mov edx esp;push edi;mov edi 4;add edx edi;pop edi;add edx 2;xchg edx [esp];mov esp [esp];or [esp] al;pushf;,pop cx;pop ax;div  cx;push dx;push ax;pushf;
13,mov ax [esp];push ecx;mov ecx esp;add ecx 4;add ecx 2;xor ecx [esp];xor [esp] ecx;xor ecx [esp];mov esp [esp];mov cx [esp];push edi;mov edi esp;add edi 4;add edi 2;push edi;push dword ptr [esp+4];pop edi;pop dword ptr [esp];mov esp [esp];cmp cx ax;pushf;,pop ax;adc [esp] ax;pushf;
14,mov ax [esp];push ebx;mov ebx esp;add ebx 4;push ecx;mov ecx 2;add ebx ecx;pop ecx;xor ebx [esp];xor [esp] ebx;xor ebx [esp];pop esp;mov cx [esp];push edi;push esp;pop edi;add edi 4;push edx;mov edx 2;add edi edx;pop edx;xchg edi [esp];pop esp;test cl al;pushf;,push dword ptr [edx];
15,push dword ptr [esp];mov ecx [esp];add esp 4;push edi;mov edi esp;add edi 4;add edi 4;xchg edi [esp];pop esp;mov eax [esp];push ecx;mov ecx esp;add ecx 4;push edi;mov edi 4;add ecx edi;pop edi;push ecx;push dword ptr [esp+4];pop ecx;pop dword ptr [esp];pop esp;mov edx [esp];push edx;push 12EEh;mov [esp] esp;add dword ptr [esp] 4;pop edx;add edx 4;add edx 4;xchg edx [esp];pop esp;div  ecx;push edx;push esp;pop edx;push ebp;mov ebp 4;add edx ebp;pop ebp;sub edx 4;xchg edx [esp];pop esp;mov [esp] edx;push eax;pushf;,movzx ax byte ptr [edx];push ax;
16,lodsd;xor eax ebx;push 2C06h;mov [esp] ebx;push ebp;mov ebp 5A514DD9h;push ebp;pop ebx;pop ebp;sub eax ebx;pop ebx;sub esp 4;mov [esp] edx;push esi;push ecx;mov ecx 15228AA9h;mov esi ecx;pop ecx;mov edx esi;pop esi;xor eax edx;pop edx;sub ebx eax;push ebx;mov bh 0D9h;or bh 0FDh;xor bh 82h;and al bh;mov ebx [esp];push ebx;mov ebx esp;add ebx 4;add ebx 4;xchg ebx [esp];pop esp;push 76EAh;mov [esp] ebx;push eax;push dword ptr [esp];pop ebx;push ebx;mov ebx esp;add ebx 4;add ebx 4;xchg ebx [esp];pop esp;push 0AC4h;mov [esp] ebp;mov ebp 1;mov [edi+20h] ebp;push dword ptr [esp];pop ebp;add esp 4;mov dword ptr [edi+24h] 3F2Dh;push ebx;mov ebx 24h;add ebx edi;add dword ptr [ebx] 6EEh;pop ebx;push edx;mov edx 24h;add edx edi;xor dword ptr [edx] 5D10h;pop edx;xor dword ptr [edi+24h] 1B0Bh;xor edx edx;push 3919h;mov [esp] ebx;push dword ptr [esp];pop eax;add esp 4;push edx;sub esp 4;mov [esp] edi;mov edi 200h;push edi;pop edx;pop edi;and eax edx;pop edx;push 6E9Bh;mov [esp] ebx;mov ebx 1Ch;add ebx edi;mov ecx [ebx];mov ebx [esp];push edi;mov edi esp;add edi 4;add edi 4;xchg edi [esp];pop esp;push edx;sub esp 4;mov [esp] esi;mov esi 37D1h;mov edx esi;pop esi;add edx 0FFFFC830h;and ecx edx;pop edx;shr ecx 0;or eax eax;jz loc_1B3F3;sub esp 4;mov [esp] ebx;push dword ptr [esp];pop eax;add esp 4;push ebx;mov ebx 1240h;add ebx 5725h;push esi;mov esi 222Ah;or ebx esi;pop esi;add ebx 0FFFF9591h;and eax ebx;mov ebx [esp];add esp 4;shr eax 8;xor eax ecx;xchg eax edx;push edx;push eax;pop edx;mov eax [esp];add esp 4;not eax;xchg eax edx;xchg eax edx;push esi;push 17A5h;mov [esp] ebx;mov ebx 1;push ebx;pop esi;pop ebx;and eax esi;pop esi;or edx eax;shl edx 1;push 5216h;mov [esp] ecx;mov ecx 0FFFFFFFFh;sub [edi+24h] ecx;mov ecx [esp];add esp 4;label_1b3f3:;push ebp;mov ebp esp;add ebp 4;sub ebp 4;xchg ebp [esp];pop esp;mov [esp] ebx;mov eax [esp];add esp 4;push eax;mov eax esp;add eax 4;push ebp;mov ebp 4;sub eax ebp;pop ebp;xchg eax [esp];pop esp;mov [esp] edi;mov edi 800h;and eax edi;pop edi;or eax eax;jz loc_1A480;push eax;mov eax 1Ch;add eax edi;push 62A4h;mov [esp] edx;mov edx 0;add edx eax;mov ecx [edx];mov edx [esp];add esp 4;pop eax;push edi;mov edi 40h;and ecx edi;push dword ptr [esp];pop edi;push ecx;mov ecx esp;add ecx 4;add ecx 4;xchg ecx [esp];pop esp;shr ecx 6;push 6785h;mov [esp] ebx;mov eax [esp];push edi;mov edi esp;add edi 4;add edi 4;xchg edi [esp];pop esp;push ebp;mov ebp 407Ch;add ebp 0FFFFC967h;push edi;mov edi 0CBh;add ebp edi;pop edi;add ebp 0FFFFF952h;and eax ebp;pop ebp;shr eax 0Ah;xor eax ecx;push eax;push ebx;push dword ptr [esp+4];mov ebx [esp];add esp 4;pop dword ptr [esp];not ebx;xchg ebx [esp];pop eax;push 68C2h;mov [esp] edx;mov edx 1;and eax edx;push dword ptr [esp];pop edx;add esp 4;or edx eax;shl edx 1;sub esp 4;mov [esp] ecx;mov ecx 24h;add ecx edi;push ebp;mov ebp 1;add [ecx] ebp;pop ebp;pop ecx;label_1a480:;push 2D6Bh;mov [esp] ebx;mov eax [esp];push esi;mov esi esp;add esi 4;add esi 4;xchg esi [esp];pop esp;push ebp;mov ebp esp;add ebp 4;sub ebp 4;xor ebp [esp];xor [esp] ebp;xor ebp [esp];pop esp;mov [esp] ebx;mov ebx 2000000h;and eax ebx;pop ebx;or eax eax;jz loc_1A976;push 24F6h;mov [esp] eax;mov eax 1Ch;add eax edi;push ebx;mov ebx 0;add ebx eax;mov ecx [ebx];mov ebx [esp];add esp 4;pop eax;push eax;mov eax 79A6h;dec eax;sub eax 335Eh;sub eax 41E3h;push edx;mov edx 0FFFFFBA0h;add eax edx;mov edx [esp];add esp 4;and ecx eax;pop eax;shr ecx 0Ah;push ebx;push dword ptr [esp];pop eax;push ecx;mov ecx esp;add ecx 4;add ecx 4;xchg ecx [esp];pop esp;push ebx;mov ebx 1000000h;and eax ebx;push dword ptr [esp];pop ebx;push edx;mov edx esp;add edx 4;add edx 4;xchg edx [esp];pop esp;shr eax 18h;xor eax ecx;push eax;not dword ptr [esp];mov eax [esp];push edx;push esp;pop edx;add edx 4;add edx 4;xchg edx [esp];pop esp;push edi;mov edi 1;and eax edi;mov edi [esp];push ebx;mov ebx esp;add ebx 4;add ebx 4;push ebx;push dword ptr [esp+4];pop ebx;pop dword ptr [esp];pop esp;or edx eax;shl edx 1;push eax;mov eax 24h;add eax edi;push edx;mov edx 1;add [eax] edx;pop edx;mov eax [esp];add esp 4;label_1a976:;push ebx;push dword ptr [esp];pop eax;push edx;mov edx esp;add edx 4;add edx 4;xchg edx [esp];pop esp;push ecx;mov ecx esp;add ecx 4;sub ecx 4;push ecx;push dword ptr [esp+4];pop ecx;pop dword ptr [esp];pop esp;mov [esp] ecx;mov ecx 2000h;and eax ecx;pop ecx;or eax eax;jz loc_19EB1;push edx;mov edx 1Ch;add edx edi;mov ecx [edx];mov edx [esp];push edi;mov edi esp;push ebx;mov ebx 4;add edi ebx;pop ebx;add edi 4;xchg edi [esp];pop esp;push 293Ch;mov [esp] ebx;mov ebx 157h;shr ebx 0;shr ebx 1Ah;inc ebx;sub ebx 6B66h;xor ebx 0FFFF941Bh;and ecx ebx;mov ebx [esp];add esp 4;shr ecx 7;sub esp 4;mov [esp] ebx;push dword ptr [esp];pop eax;add esp 4;push esi;push 5E9h;mov [esp] eax;mov eax 1000h;mov esi eax;mov eax [esp];add esp 4;and eax esi;pop esi;shr eax 0Ch;xor eax ecx;xor eax esi;xor esi eax;xor eax esi;xchg ebp esi;xchg ebx ebp;not ebx;xchg ebx ebp;xchg ebp esi;xchg eax esi;push edx;mov edx 6BA0h;dec edx;push ebx;mov ebx 4498h;and edx ebx;pop ebx;sub edx 5F03h;add edx 1E6Ch;and eax edx;mov edx [esp];add esp 4;or edx eax;shl edx 1;sub esp 4;mov [esp] ebp;push ebx;mov ebx 1;mov ebp ebx;pop ebx;add [edi+24h] ebp;pop ebp;label_19eb1:;push ebx;push dword ptr [esp];mov eax [esp];add esp 4;add esp 4;push 1684h;mov [esp] ecx;push eax;mov eax 8000h;push eax;pop ecx;pop eax;and eax ecx;pop ecx;or eax eax;jz loc_1CC65;push ebx;mov ebx 1Ch;add ebx edi;mov ecx [ebx];mov ebx [esp];push esi;mov esi esp;push eax;mov eax 4;add esi eax;pop eax;add esi 4;xchg esi [esp];pop esp;push 767Dh;mov [esp] edx;mov edx 800h;and ecx edx;mov edx [esp];push ecx;mov ecx esp;add ecx 4;add ecx 4;xchg ecx [esp];pop esp;shr ecx 0Bh;push 44BEh;mov [esp] ebx;push dword ptr [esp];pop eax;add esp 4;push ecx;mov ecx 44FFh;push ebx;mov ebx 4FFh;sub ecx ebx;pop ebx;and eax ecx;mov ecx [esp];add esp 4;shr eax 0Eh;xor eax ecx;sub esp 4;mov [esp] eax;not dword ptr [esp];mov eax [esp];push ecx;mov ecx esp;add ecx 4;add ecx 4;xchg ecx [esp];pop esp;push 15C1h;mov [esp] edx;mov edx 1;and eax edx;mov edx [esp];push ecx;mov ecx esp;add ecx 4;add ecx 4;xchg ecx [esp];pop esp;or edx eax;shl edx 1;push eax;mov eax 24h;add eax edi;xor [eax] edx;pop eax;xor edx [edi+24h];xor [edi+24h] edx;xchg ebp edx;inc ebp;xchg ebp edx;xchg edx [edi+24h];label_1cc65:;push 6FF8h;mov [esp] ebx;mov eax [esp];add esp 4;push edx;mov edx 66C9h;xor edx 3230h;push ecx;mov ecx 254F9h;xor edx ecx;mov ecx [esp];add esp 4;and eax edx;pop edx;or eax eax;jz loc_1C69E;sub esp 4;mov [esp] edx;mov edx 6C1Fh;shr edx 4;and edx 367Eh;xor edx 65Ch;add edx edi;push eax;mov eax 0;add eax edx;mov ecx [eax];pop eax;pop edx;push 1B49h;mov [esp] esi;mov esi 4;and ecx esi;mov esi [esp];push esi;mov esi esp;add esi 4;add esi 4;xchg esi [esp];pop esp;shr ecx 2;push ebx;mov eax [esp];push edx;mov edx esp;add edx 4;add edx 4;push edx;push dword ptr [esp+4];pop edx;pop dword ptr [esp];pop esp;push esi;push ebx;mov ebx 1F5Ah;mov esi ebx;pop ebx;dec esi;push edx;mov edx 374Bh;sub esi edx;pop edx;shr esi 13h;and esi 6224h;inc esi;xor esi 10225h;and eax esi;pop esi;shr eax 10h;xor eax ecx;sub esp 4;mov [esp] eax;xchg ebp [esp];push ebp;not dword ptr [esp];pop ebp;xchg ebp [esp];pop eax;push edi;mov edi 6CD1h;xor edi 6CD0h;and eax edi;push dword ptr [esp];pop edi;add esp 4;or edx eax;shl edx 1;push ecx;push ebp;mov ebp 1;mov ecx ebp;mov ebp [esp];add esp 4;add [edi+24h] ecx;pop ecx;label_1c69e:;push ebx;mov eax [esp];sub esp 4;mov [esp] eax;mov eax esp;add eax 4;add eax 4;xchg eax [esp];pop esp;push ebp;mov ebp 157Eh;add ebp 1D0Ch;xchg edi ebp;inc edi;xchg edi ebp;push ecx;mov ecx 0;sub ecx ebp;xchg ecx ebp;pop ecx;dec ebp;sub ebp 0FFF7CD74h;and eax ebp;pop ebp;or eax eax;jz loc_1C8CE;sub esp 4;mov [esp] edx;mov edx 1Ch;add edx edi;mov ecx [edx];push dword ptr [esp];pop edx;add esp 4;push ebx;push edi;mov edi 80h;push edi;mov ebx [esp];add esp 4;pop edi;and ecx ebx;pop ebx;shr ecx 7;sub esp 4;mov [esp] ebx;push ebp;mov ebp 1Ch;mov ebx ebp;pop ebp;add ebx edi;mov eax [ebx];mov ebx [esp];add esp 4;sub esp 4;mov [esp] ecx;push 399Ah;mov [esp] eax;mov eax 800h;mov ecx eax;pop eax;and eax ecx;pop ecx;shr eax 0Bh;xor ecx eax;push ebx;push dword ptr [esp];pop eax;push edx;mov edx esp;add edx 4;add edx 4;xchg edx [esp];pop esp;push 28F0h;mov [esp] ebx;mov ebx 6E7Fh;push esi;mov esi 111Eh;add ebx esi;pop esi;add ebx 38063h;and eax ebx;pop ebx;shr eax 12h;xor eax ecx;xor eax ebx;xor ebx eax;xor eax ebx;xchg esi ebx;not esi;xchg esi ebx;xor eax ebx;xor ebx eax;xor eax ebx;push edi;push ecx;mov ecx 7CC2h;and ecx 3520h;not ecx;xchg ebx ecx;inc ebx;xchg ebx ecx;or ecx 2718h;sub ecx 0FFFFEF17h;mov edi ecx;pop ecx;and eax edi;pop edi;or edx eax;shl edx 1;sub esp 4;mov [esp] edx;push eax;mov eax 0FFFFFFFFh;mov edx eax;pop eax;sub [edi+24h] edx;pop edx;label_1c8ce:;push esi;mov esi esp;add esi 4;sub esi 4;xchg esi [esp];pop esp;mov [esp] ebx;mov eax [esp];add esp 4;push ebp;mov ebp 47B5h;dec ebp;dec ebp;inc ebp;push 0ACh;mov [esp] edi;mov edi 1FB84Ch;add ebp edi;pop edi;and eax ebp;pop ebp;or eax eax;jz loc_1A4CD;sub esp 4;mov [esp] edx;mov edx 28h;add edx edi;mov eax [edx];mov edx [esp];push ecx;mov ecx esp;add ecx 4;add ecx 4;xchg ecx [esp];pop esp;mov eax [edi+eax*4];push ebp;mov ebp esp;add ebp 4;sub ebp 4;xchg ebp [esp];mov esp [esp];mov [esp] edi;mov edi 0FFFFh;and eax edi;pop edi;or eax eax;jnz loc_1A4CD;push 5300h;mov [esp] eax;mov eax 1;mov edx eax;mov eax [esp];push ebx;mov ebx esp;add ebx 4;add ebx 4;xchg ebx [esp];pop esp;label_1a4cd:;push 2280h;mov [esp] ebx;mov eax [esp];add esp 4;sub esp 4;mov [esp] edi;mov edi 748Eh;and edi 4C56h;not edi;or edi 696Bh;xor edi 0FF7FFBFBh;and eax edi;mov edi [esp];add esp 4;or eax eax;jz loc_1A7CC;push eax;mov eax esp;add eax 4;sub eax 4;xor eax [esp];xor [esp] eax;xor eax [esp];pop esp;mov [esp] ecx;mov ecx 28h;add ecx edi;mov eax [ecx];pop ecx;mov eax [edi+eax*4];or eax eax;jnz loc_1A7CC;sub esp 4;mov [esp] esi;mov esi 51CFh;shl esi 8;inc esi;dec esi;shl esi 18h;add esi 235Bh;neg esi;dec esi;add esi 235Dh;mov edx esi;pop esi;label_1a7cc:;sub esp 4;mov [esp] edx;mov edx 24h;add edx edi;push eax;push esi;mov esi 0;mov eax esi;pop esi;add eax edx;mov ecx [eax];pop eax;pop edx;push 5552h;mov [esp] edi;push esi;mov esi 1;mov edi esi;pop esi;push edi;pop eax;pop edi;shl eax cl;sub esp 4;mov [esp] eax;dec dword ptr [esp];mov eax [esp];push edi;mov edi esp;add edi 4;add edi 4;xchg edi [esp];pop esp;push ecx;mov ecx esp;add ecx 4;sub ecx 4;xchg ecx [esp];pop esp;mov [esp] esi;push edi;mov edi 10h;mov esi edi;pop edi;and ebx esi;pop esi;or ebx ebx;jnz loc_1AD31;sub esp 4;mov [esp] ebx;mov ebx 20h;add ebx edi;push ecx;mov ecx 0;add ecx ebx;mov [ecx] edx;pop ecx;mov ebx [esp];add esp 4;mov ebx [esp];push ebx;push esp;pop ebx;push edx;mov edx 4;add ebx edx;pop edx;add ebx 4;xchg ebx [esp];pop esp;,;
17,mov eax [esp];push 68A0h;mov [esp] ebp;mov ebp esp;add ebp 4;add ebp 4;push ebp;push dword ptr [esp+4];pop ebp;pop dword ptr [esp];pop esp;add [esp] eax;,mov eax [edi+1Ch];and eax 1;or eax eax;jz loc_407386;and dword ptr [edi+1Ch] 0FFFFFFFEh;mov ebx ebx;
18,push dword ptr [esp];pop eax;push edx;mov edx esp;push ebx;mov ebx 4;add edx ebx;pop ebx;add edx 4;xchg edx [esp];pop esp;xor [esp] eax;pushf;,pop ecx;pop eax;idiv  ecx;push edx;push eax;pushf;
19,mov cx [esp];sub esp 4;mov [esp] ecx;mov ecx esp;add ecx 4;add ecx 2;xor ecx [esp];xor [esp] ecx;xor ecx [esp];pop esp;shl word ptr [esp] cl;pushf;,pop eax;pop ecx;test ecx eax;pushf;
20,push dword ptr [esp];pop eax;push ebp;mov ebp esp;add ebp 4;add ebp 4;xchg ebp [esp];mov esp [esp];dec dword ptr [esp];pushf;,pop cx;shl byte ptr [esp] cl;pushf;
21,mov eax [esp];sub esp 4;mov [esp] ebp;mov ebp esp;add ebp 4;push edi;mov edi 4;add ebp edi;pop edi;xchg ebp [esp];pop esp;bswap eax;push ecx;push 6F34h;mov [esp] esp;add dword ptr [esp] 4;pop ecx;add ecx 4;sub ecx 4;xchg ecx [esp];pop esp;mov [esp] eax;,pop ax;pop cx;cmp cl al;pushf;
22,mov cx [esp];push esi;mov esi esp;push ebx;mov ebx 4;add esi ebx;mov ebx [esp];add esp 4;add esi 2;xchg esi [esp];pop esp;rol byte ptr [esp] cl;pushf;,pop cx;pop ax;div  cl;movzx cx ah;push cx;movzx cx al;push cx;pushf;
23,lodsb;xor al bl;push small 2948h;mov [esp] dx;push ebx;mov bh 98h;mov dl bh;pop ebx;sub al dl;mov dx [esp];add esp 2;push edx;mov dh 4Ah;xor al dh;push dword ptr [esp];pop edx;push eax;mov eax esp;add eax 4;add eax 4;xchg eax [esp];pop esp;add bl al;movzx eax al;mov eax [edi+eax*4];movzx ax byte ptr [eax];push ebp;push esp;pop ebp;add ebp 4;sub ebp 2;xor ebp [esp];xor [esp] ebp;xor ebp [esp];pop esp;mov [esp] ax;,neg dword ptr [esp];
24,mov cx [esp];push ecx;mov ecx esp;push edi;mov edi 4;add ecx edi;pop edi;add ecx 2;xor ecx [esp];xor [esp] ecx;xor ecx [esp];pop esp;shl byte ptr [esp] cl;pushf;,lodsb;add al bl;xor al 12h;xor al 1Ah;sub bl al;mov [edi+28h] al;
25,push edx;push ebx;mov ebx 2Ch;mov edx ebx;pop ebx;add edx edi;push ebx;mov ebx 0;add ebx edx;push edx;mov edx 0;add edx ebx;mov eax [edx];pop edx;pop ebx;pop edx;add [esp] eax;,pop sp;
26,sub esp 4;mov [esp] ebx;mov bh dl;mov dl [esp+4];mov [esp+4] bh;pop ebx;push ebx;mov bh dl;not bh;mov dl bh;pop ebx;xchg dl [esp];,lodsd;xor eax ebx;add eax 0D986F9Ah;add eax 78076014h;sub ebx eax;push eax;
27,mov ax [esp];push 132Fh;mov [esp] esi;mov esi esp;add esi 4;add esi 2;push esi;push dword ptr [esp+4];pop esi;pop dword ptr [esp];jmp $+5;pop esp;btc [esp] ax;pushf;,pop ax;or [esp] al;pushf;
28,lodsb;add al bl;push small 2380h;mov [esp] dx;mov dh 0C9h;xor al dh;mov dx [esp];push ecx;mov ecx esp;add ecx 4;add ecx 2;xchg ecx [esp];pop esp;push 3045h;mov [esp] ecx;push dx;mov dl 72h;add dl 1Eh;or dl 8Fh;or dl 0Dh;sub dl 9Eh;mov cl dl;pop dx;xor al cl;pop ecx;add bl al;movzx eax al;push small 6FAh;mov [esp] ax;,pop small word ptr [edx];
29,lodsb;sub al bl;push edx;push ecx;push dx;mov dl 58h;mov ch dl;pop dx;mov dh ch;mov ecx [esp];add esp 4;xor al dh;pop edx;sub esp 2;mov [esp] cx;push dx;mov dl 64h;mov cl dl;pop dx;sub al cl;mov cx [esp];add esp 2;xor bl al;push 5387h;mov [esp] ebx;mov ebx 28h;add ebx edi;sub esp 4;mov [esp] ecx;mov ecx 0;add ecx ebx;mov [ecx] al;pop ecx;pop ebx;,pop eax;add [esp] eax;pushf;
30,mov cx [esp];push ecx;mov ecx esp;push edx;mov edx 4;add ecx edx;pop edx;add ecx 2;xchg ecx [esp];pop esp;ror word ptr [esp] cl;pushf;,mov eax [edi+2Ch];add [esp] eax;
31,mov cx [esp];push esi;push esp;pop esi;add esi 4;push edx;mov edx 2;add esi edx;pop edx;xchg esi [esp];pop esp;shr word ptr [esp] cl;pushf;,lodsb;sub al bl;sub al 2Bh;sub al 38h;add bl al;movzx eax al;lea eax [edi+eax*4];push eax;
32,push ebx;push 7B63h;mov [esp] eax;push ecx;mov ecx 0FFFFFBFFh;mov eax ecx;pop ecx;mov ebx eax;pop eax;and [edi+1Ch] ebx;pop ebx;,pop ax;dec word ptr [esp];pushf;
33,mov ax [esp];push edx;mov edx esp;add edx 4;add edx 2;push edx;push dword ptr [esp+4];pop edx;pop dword ptr [esp];mov esp [esp];inc word ptr [esp];pushf;,pop ax;bts [esp] ax;pushf;
34,mov cx [esp];push ecx;mov ecx esp;add ecx 4;push 426Eh;mov [esp] esi;mov esi 2;add ecx esi;pop esi;xchg ecx [esp];pop esp;shr byte ptr [esp] cl;pushf;,pop cx;shl dword ptr [esp] cl;pushf;
35,pop dword ptr [edx];,pop ax;sbb [esp] al;pushf;
36,push dword ptr [esp];pop eax;push eax;mov eax esp;push ebp;mov ebp 4;add eax ebp;pop ebp;add eax 4;xchg eax [esp];pop esp;mov ecx [esp];push 1D23h;mov [esp] edi;mov edi esp;push ecx;mov ecx 4;add edi ecx;pop ecx;add edi 4;xchg edi [esp];pop esp;imul ecx eax;push ecx;pushf;,lodsb;sub al bl;add al 4;add al 0F5h;xor bl al;movzx eax al;pop small word ptr [edi+eax*4];
37,push dword ptr [esp];pop eax;push edx;mov edx esp;push edi;mov edi 4;add edx edi;pop edi;add edx 4;xchg edx [esp];pop esp;push esi;mov esi esp;push ebp;mov ebp 4;add esi ebp;pop ebp;sub esi 4;xchg esi [esp];mov esp [esp];mov [esp] edx;push eax;mov edx [esp];push ebx;mov ebx esp;add ebx 4;push esi;mov esi 4;add ebx esi;pop esi;xchg ebx [esp];pop esp;,pop cx;pop ax;imul  cl;movzx cx ah;push cx;movzx cx al;push cx;pushf;
38,mov cx [esp];push ecx;mov ecx esp;sub esp 4;mov [esp] eax;mov eax 4;add ecx eax;pop eax;add ecx 2;xchg ecx [esp];pop esp;mov ax [esp];push edi;push esp;pop edi;add edi 4;add edi 2;xchg edi [esp];mov esp [esp];imul  cl;movzx cx ah;push small 399Fh;mov [esp] cx;movzx cx al;push cx;pushf;,mov edx esp;
39,push dword ptr [esp];pop edx;push edx;push esp;pop edx;add edx 4;add edx 4;xchg edx [esp];pop esp;,pop cx;pop ax;imul  cx;push dx;push ax;pushf;
40,push dword ptr [edi+1Ch];popf;pop cx;rcr byte ptr [esp] cl;pushf;,pop cx;ror byte ptr [esp] cl;pushf;
41,mov ax [esp];push ebp;push esp;pop ebp;add ebp 4;add ebp 2;push ebp;push dword ptr [esp+4];pop ebp;pop dword ptr [esp];pop esp;mov cx [esp];push 72A4h;mov [esp] ebp;mov ebp esp;add ebp 4;add ebp 2;xchg ebp [esp];pop esp;imul cx ax;push cx;pushf;,pop ax;xor [esp] ax;pushf;
42,mov ax [esp];push esi;mov esi esp;add esi 4;push edi;mov edi 2;add esi edi;pop edi;xchg esi [esp];mov esp [esp];inc byte ptr [esp];pushf;,pop cx;rcl byte ptr [esp] cl;pushf;
43,lodsd;sub eax ebx;push 7027h;mov [esp] ecx;mov ecx 7134B21Ah;xor eax ecx;mov ecx [esp];push edx;mov edx esp;add edx 4;add edx 4;xchg edx [esp];pop esp;push ebx;push eax;mov eax 2564E385h;mov ebx eax;mov eax [esp];add esp 4;add eax ebx;mov ebx [esp];add esp 4;xor ebx eax;movzx ax byte ptr [eax];push small 339Dh;mov [esp] ax;,lodsd;xor eax ebx;xor eax 10F11E98h;sub eax 2832D78Fh;add ebx eax;pop dx;mov [eax] dl;
44,mov ax [esp];push eax;mov eax esp;push esi;mov esi 4;add eax esi;pop esi;add eax 2;xor eax [esp];xor [esp] eax;xor eax [esp];pop esp;and [esp] ax;pushf;,pop cx;sar word ptr [esp] cl;pushf;
45,mov ax [esp];push edi;push esp;pop edi;add edi 4;add edi 2;push edi;push dword ptr [esp+4];pop edi;pop dword ptr [esp];pop esp;sub [esp] ax;pushf;,pop cx;ror word ptr [esp] cl;pushf;
46,mov cx [esp];push 9CAh;mov [esp] esi;mov esi esp;push eax;mov eax 4;add esi eax;pop eax;add esi 2;xchg esi [esp];pop esp;shr dword ptr [esp] cl;pushf;,lodsd;xor eax ebx;xor eax 724424B1h;add eax 54972AF4h;xor ebx eax;pop dword ptr [eax];
47,mov eax [esp];push edi;push 7461h;jmp $+5;mov [esp] esp;add dword ptr [esp] 4;pop edi;add edi 4;add edi 4;xchg edi [esp];pop esp;xor [esp] eax;,mov eax [edi+2Ch];add edx eax;
48,mov cx [esp];push ebp;mov ebp esp;add ebp 4;add ebp 2;push 600Fh;mov [esp] ebp;push dword ptr [esp+4];pop ebp;pop dword ptr [esp];pop esp;mov ax [esp];push ebp;mov ebp esp;push ecx;mov ecx 4;add ebp ecx;pop ecx;add ebp 2;xchg ebp [esp];mov esp [esp];imul  cx;push small 9D6h;mov [esp] dx;push ax;pushf;,pop cx;pop ax;idiv  cl;movzx cx ah;push cx;movzx cx al;push cx;pushf;
49,push 5DC6h;mov [esp] eax;mov eax [esp];push eax;mov eax esp;add eax 4;add eax 4;xchg eax [esp];pop esp;,pop eax;sbb [esp] eax;pushf;
50,push dword ptr [edi+3Ch];,lodsd;add eax ebx;sub eax 2EF6F68Eh;xor eax 629C3175h;add ebx eax;and al 7Fh;push ebx;mov ebx eax;mov dword ptr [edi+20h] 1;mov dword ptr [edi+24h] 0;xor edx edx;mov eax ebx;and eax 200h;mov ecx [edi+1Ch];and ecx 1;shr ecx 0;or eax eax;jz loc_4075A0;mov eax ebx;and eax 100h;shr eax 8;xor eax ecx;not eax;and eax 1;or edx eax;shl edx 1;inc dword ptr [edi+24h];label_4075a0:;mov eax ebx;and eax 800h;or eax eax;jz loc_4075CC;mov ecx [edi+1Ch];and ecx 40h;shr ecx 6;mov eax ebx;and eax 400h;shr eax 0Ah;xor eax ecx;not eax;and eax 1;or edx eax;shl edx 1;inc dword ptr [edi+24h];label_4075cc:;mov eax ebx;and eax 2000000h;or eax eax;jz loc_4075F8;mov ecx [edi+1Ch];and ecx 4;shr ecx 0Ah;mov eax ebx;and eax 1000000h;shr eax 18h;xor eax ecx;not eax;and eax 1;or edx eax;shl edx 1;inc dword ptr [edi+24h];label_4075f8:;mov eax ebx;and eax 2000h;or eax eax;jz loc_407627;mov ecx [edi+1Ch];and ecx 80h;shr ecx 7;mov eax ebx;and eax 1000h;shr eax 0Ch;xor eax ecx;not eax;and eax 1;or edx eax;shl edx 1;inc dword ptr [edi+24h];label_407627:;mov eax ebx;and eax 8000h;or eax eax;jz loc_407656;mov ecx [edi+1Ch];and ecx 800h;shr ecx 0Bh;mov eax ebx;and eax 4000h;shr eax 0Eh;xor eax ecx;not eax;and eax 1;or edx eax;shl edx 1;inc dword ptr [edi+24h];label_407656:;mov eax ebx;and eax 20000h;or eax eax;jz loc_407682;mov ecx [edi+1Ch];and ecx 4;shr ecx 2;mov eax ebx;and eax 10000h;shr eax 10h;xor eax ecx;not eax;and eax 1;or edx eax;shl edx 1;inc dword ptr [edi+24h];label_407682:;mov eax ebx;and eax 80000h;or eax eax;jz loc_4076BE;mov ecx [edi+1Ch];and ecx 80h;shr ecx 7;mov eax [edi+1Ch];and eax 800h;shr eax 0Bh;xor ecx eax;mov eax ebx;and eax 40000h;shr eax 12h;xor eax ecx;not eax;and eax 1;or edx eax;shl edx 1;inc dword ptr [edi+24h];label_4076be:;mov eax ebx;and eax 200000h;or eax eax;jz loc_4076DD;mov eax [edi+28h];mov eax [edi+eax*4];and eax 0FFFFh;or eax eax;jnz loc_4076DD;mov edx 1;label_4076dd:;mov eax ebx;and eax 800000h;or eax eax;jz loc_4076F7;mov eax [edi+28h];mov eax [edi+eax*4];or eax eax;jnz loc_4076F7;mov edx 1;label_4076f7:;mov ecx [edi+24h];mov eax 1;shl eax cl;dec eax;and ebx 10h;or ebx ebx;jnz loc_40770E;mov [edi+20h] edx;pop ebx;
51,push 3D58h;mov [esp] esi;mov esi 400h;or [edi+1Ch] esi;mov esi [esp];push ebp;mov ebp esp;add ebp 4;add ebp 4;xchg ebp [esp];pop esp;,pop ax;btc [esp] ax;pushf;
52,lodsd;sub eax ebx;push ecx;mov ecx 6B52h;sub ecx 2D34h;inc ecx;add ecx 0AC5h;xor ecx 145Bh;xor ecx 0C0CD28Bh;sub eax ecx;push dword ptr [esp];pop ecx;add esp 4;push 0CE7h;mov [esp] esi;push ecx;mov ecx 1F35D2CBh;push ecx;pop esi;pop ecx;sub eax esi;pop esi;sub ebx eax;mov dx [esp];push edi;mov edi esp;add edi 4;add edi 2;push 0ACBh;mov [esp] edi;push dword ptr [esp+4];pop edi;pop dword ptr [esp];pop esp;push 1ED3h;mov [esp] ebx;mov ebx 6D8Fh;shr ebx 17h;inc ebx;dec ebx;add ebx 0;add ebx eax;mov [ebx] dl;mov ebx [esp];add esp 4;,lodsb;sub al bl;add al 7Fh;sub al 9Dh;add bl al;add edi 3FCh;movzx eax al;push dword ptr [edi+eax*4];sub edi 3FCh;retn;
53,mov esp [esp];,pop cx;shr byte ptr [esp] cl;pushf;
54,neg byte ptr [esp];pushf;,pop cx;shr dword ptr [esp] cl;pushf;
55,push ecx;mov ecx esp;add ecx 4;push esi;mov esi 4;sub ecx esi;pop esi;xchg ecx [esp];pop esp;push esp;pop dword ptr [esp];add dword ptr [esp] 4;,pop ax;inc byte ptr [esp];pushf;
56,sub esp 4;mov [esp] eax;mov eax 121Ah;shl eax 1Eh;sub eax 7FFFFFC8h;add eax edi;push edx;mov edx 0;add edx eax;mov ecx [edx];pop edx;pop eax;push 6CAFh;mov [esp] edi;push dword ptr [esp];pop edx;add esp 4;or ecx ecx;jz loc_1D866;sub esp 4;mov [esp] esp;add dword ptr [esp] 4;mov esi [esp];push esi;mov esi esp;add esi 4;add esi 4;xchg esi [esp];pop esp;push 2FE5h;mov [esp] eax;push edi;mov edi 24h;mov eax edi;pop edi;add esi eax;mov eax [esp];add esp 4;sub esp 4;mov [esp] esi;mov edi [esp];push eax;mov eax esp;add eax 4;add eax 4;xchg eax [esp];jmp $+5;pop esp;add edi ecx;std;push edi;mov edi 0Ah;push 5A7Ah;mov [esp] edi;pop ecx;mov edi [esp];add esp 4;movs;add esp [edx+38h];push edi;mov edi 0;push eax;mov eax 38h;add eax edx;mov [eax] edi;pop eax;mov edi [esp];push esi;mov esi esp;add esi 4;add esi 4;xchg esi [esp];pop esp;label_1d866:;mov dword ptr [edx+30h] 0D52h;dec dword ptr [edx+30h];xor dword ptr [edx+30h] 11E9h;or dword ptr [edx+30h] 1E1Fh;sub esp 4;mov [esp] ecx;mov ecx 0E6h;or [edx+30h] ecx;pop ecx;push eax;mov eax 0FFFFE101h;add [edx+30h] eax;pop eax;popa;popf;retn;,pop cx;ror dword ptr [esp] cl;pushf;
57,mov ax [esp];push edx;mov edx esp;push eax;mov eax 4;add edx eax;pop eax;add edx 2;xor edx [esp];xor [esp] edx;xor edx [esp];pop esp;bt [esp] ax;pushf;,push esp;
58,push dword ptr [esp];pop eax;push eax;mov eax esp;add eax 4;push ebp;mov ebp 4;add eax ebp;pop ebp;xchg eax [esp];pop esp;mov ecx [esp];sub esp 4;mov [esp] edi;mov edi esp;push eax;mov eax 4;add edi eax;pop eax;add edi 4;xchg edi [esp];pop esp;test ecx eax;pushf;,pop ecx;pop eax;div  ecx;push edx;push eax;pushf;
59,push eax;mov eax [esp];push ecx;mov ecx esp;push edx;mov edx 4;add ecx edx;pop edx;add ecx 4;xchg ecx [esp];pop esp;,pop cx;rcr word ptr [esp] cl;pushf;
60,lodsd;sub eax ebx;push 2F07h;mov [esp] ecx;mov ecx 5076B697h;add eax ecx;mov ecx [esp];push edi;mov edi esp;add edi 4;add edi 4;xchg edi [esp];pop esp;push 6A24h;mov [esp] edx;mov edx 7E1Ch;add edx 6C0B74DCh;add eax edx;mov edx [esp];add esp 4;xor ebx eax;push dword ptr [eax];,pop ax;btc [esp] ax;pushf;
61,push eax;push dword ptr [esp+4];mov eax [esp];add esp 4;pop dword ptr [esp];not eax;push eax;push dword ptr [esp+4];pop eax;pop dword ptr [esp];,pop ax;sbb [esp] ax;pushf;
62,mov cx [esp];push edx;push esp;pop edx;add edx 4;push ebp;mov ebp 2;add edx ebp;pop ebp;xchg edx [esp];pop esp;shl dword ptr [esp] cl;pushf;,neg word ptr [esp];
63,mov ax [esp];push edx;mov edx esp;push 5CF1h;mov [esp] ebx;mov ebx 4;add edx ebx;pop ebx;add edx 2;xchg edx [esp];pop esp;bts [esp] ax;pushf;,lodsb;sub al bl;xor al 0F0h;sub al 67h;xor bl al;movzx eax al;mov eax [edi+eax*4];push small word ptr [eax];
64,lodsb;add al bl;push ebx;mov ebx esp;add ebx 4;sub ebx 4;xchg ebx [esp];pop esp;mov [esp] edx;mov dh 0B7h;sub al dh;mov edx [esp];add esp 4;push dx;mov dl 0;push edx;not byte ptr [esp];pop edx;inc dl;inc dl;neg dl;add dl 0AEh;sub al dl;mov dx [esp];add esp 2;add bl al;push edx;push ebx;mov ebx 38h;mov edx ebx;pop ebx;add edx edi;mov [edx] al;push dword ptr [esp];pop edx;add esp 4;,or dword ptr [edi+1Ch] 200h;
65,mov ax fs:[edx];push eax;push esp;pop eax;add eax 4;sub eax 2;push eax;push dword ptr [esp+4];pop eax;pop dword ptr [esp];pop esp;mov [esp] ax;,pop eax;pop ecx;movsx ecx al;push ecx;
66,push ebp;mov ebp 1;or [edi+1Ch] ebp;mov ebp [esp];push ebp;mov ebp esp;add ebp 4;add ebp 4;xchg ebp [esp];mov esp [esp];,pop eax;and [esp] eax;pushf;
67,mov ax [esp];push edx;push esp;pop edx;push ecx;mov ecx 4;add edx ecx;pop ecx;add edx 2;xchg edx [esp];pop esp;sub esp 4;mov [esp] ebx;mov ebx 0;add ebx edx;push edx;mov edx 0;add edx ebx;mov [edx] al;pop edx;mov ebx [esp];add esp 4;,pop cx;rcr dword ptr [esp] cl;pushf;
68,mov ax [esp];sub esp 4;mov [esp] ecx;mov ecx esp;add ecx 4;add ecx 2;xchg ecx [esp];mov esp [esp];dec byte ptr [esp];pushf;,pop eax;pop ecx;movzx ecx ax;push ecx;
69,neg dword ptr [esp];pushf;,pop ax;pop cx;imul cx ax;push cx;pushf;
70,mov eax [esp];push 75A5h;mov [esp] ecx;mov ecx esp;add ecx 4;add ecx 4;xor ecx [esp];xor [esp] ecx;xor ecx [esp];pop esp;add [esp] eax;pushf;,pop cx;pop ax;idiv  cx;push dx;push ax;pushf;
71,xor [esp] bp;xor bp [esp];xor [esp] bp;xchg di bp;xchg dx di;not dx;xchg dx di;xchg di bp;xchg bp [esp];,pop edx;
72,push dword ptr [edx];,pop cx;pop ax;mul  cl;movzx cx ah;push cx;movzx cx al;push cx;pushf;
73,neg word ptr [esp];pushf;,pop esp;
74,push dword ptr [edi+1Ch];popf;pop ax;sbb [esp] ax;pushf;,lodsd;cmp dword ptr [edi+20h] 0;jz loc_40785C;add esi eax;mov ebx 0;label_40785c:;mov eax eax;
75,push esp;mov edx [esp];push edx;mov edx esp;add edx 4;push eax;mov eax 4;add edx eax;pop eax;xchg edx [esp];pop esp;,lodsb;add al bl;xor al 0C9h;xor al 1;add bl al;movzx eax al;push ax;
76,push small word ptr [edx];,pop ax;pop cx;test cl al;pushf;
77,mov ax [esp];push eax;mov eax esp;push ebp;mov ebp 4;add eax ebp;pop ebp;add eax 2;xor eax [esp];xor [esp] eax;xor eax [esp];pop esp;btr [esp] ax;pushf;,lodsd;add eax ebx;xor eax 5036D8F9h;add eax 42FBE8F8h;sub ebx eax;push dword ptr [eax];
78,lodsb;add al bl;push 5FB1h;mov [esp] ecx;mov cl 21h;add al cl;push dword ptr [esp];pop ecx;add esp 4;push ecx;mov cl 69h;add cl 0FFh;sub cl 67h;xor cl 0DDh;xor al cl;mov ecx [esp];add esp 4;add bl al;movzx eax al;mov eax [edi+eax*4];add edx eax;,pop cx;sar dword ptr [esp] cl;pushf;
79,mov cx [esp];push ecx;mov ecx esp;add ecx 4;push ebx;mov ebx 2;add ecx ebx;mov ebx [esp];add esp 4;xchg ecx [esp];pop esp;sar dword ptr [esp] cl;pushf;,pop cx;rcl dword ptr [esp] cl;pushf;
80,push dword ptr [edi+1Ch];popf;pop ax;adc [esp] ax;pushf;,pop eax;pop ecx;movzx ecx al;push ecx;
81,sub esp 4;mov [esp] ebx;push edx;push edi;mov edi 0FFFFFDFFh;mov edx edi;pop edi;mov ebx edx;pop edx;and [edi+1Ch] ebx;pop ebx;,lodsb;add al bl;sub al 2Dh;add al 84h;sub bl al;movzx eax al;pop dx;mov [edi+eax*4+1] dl;
82,mov ecx [esp];push ebx;mov ebx esp;push ecx;mov ecx 4;add ebx ecx;pop ecx;push ebp;mov ebp 4;add ebx ebp;pop ebp;xchg ebx [esp];pop esp;shl dword ptr [esp] cl;,neg byte ptr [esp];
83,mov cx [esp];push esi;mov esi esp;push edi;mov edi 4;add esi edi;pop edi;add esi 2;push esi;push dword ptr [esp+4];pop esi;pop dword ptr [esp];pop esp;shl byte ptr [esp] cl;pushf;,not dword ptr [esp];
84,lodsd;xor eax ebx;push ebx;sub esp 4;mov [esp] ecx;mov ecx 5686h;xor ecx 53A6h;or ecx 2B49h;sub ecx 0FB07D16Ah;mov ebx ecx;pop ecx;add eax ebx;pop ebx;sub esp 4;mov [esp] ebx;mov ebx 4D1928C3h;xor eax ebx;push dword ptr [esp];pop ebx;add esp 4;xor ebx eax;push eax;push dword ptr [esp];mov edx [esp];add esp 4;add esp 4;,pop eax;bt [esp] eax;pushf;
85,mov cx [esp];sub esp 4;mov [esp] edi;mov edi esp;add edi 4;push edx;mov edx 2;add edi edx;pop edx;xchg edi [esp];pop esp;mov ax [esp];push ecx;mov ecx esp;add ecx 4;push esi;mov esi 2;add ecx esi;pop esi;push ecx;push dword ptr [esp+4];pop ecx;pop dword ptr [esp];pop esp;div  cl;movzx cx ah;push small 52A2h;mov [esp] cx;movzx cx al;push cx;pushf;,mov eax eax;
86,lodsb;add al bl;push edi;mov edi esp;add edi 4;sub edi 4;push edi;push dword ptr [esp+4];pop edi;pop dword ptr [esp];pop esp;mov [esp] ebx;mov bl 93h;add al bl;pop ebx;push ebx;mov bl 4Ch;xor al bl;mov ebx [esp];push edx;push esp;pop edx;add edx 4;add edx 4;xchg edx [esp];pop esp;add bl al;movzx eax al;mov dx [esp];push eax;mov eax esp;add eax 4;add eax 2;xor eax [esp];xor [esp] eax;xor eax [esp];mov esp [esp];mov [edi+eax*4+1] dl;,pop ax;bt [esp] ax;pushf;
87,mov ax [esp];sub esp 4;mov [esp] edx;mov edx esp;add edx 4;add edx 2;xchg edx [esp];pop esp;dec word ptr [esp];pushf;,pop ax;pop cx;cmp cx ax;pushf;
88,push dword ptr [edi+1Ch];popf;pop cx;rcl byte ptr [esp] cl;pushf;,pop ax;add [esp] al;pushf;
89,mov ecx [esp];push 5658h;mov [esp] ecx;mov ecx esp;add ecx 4;add ecx 4;xchg ecx [esp];mov esp [esp];mov eax [esp];push esi;mov esi esp;add esi 4;push edx;push esi;mov esi 4;mov edx esi;pop esi;add esi edx;pop edx;xchg esi [esp];pop esp;movsx ecx al;sub esp 4;mov [esp] ebx;mov ebx esp;add ebx 4;sub ebx 4;xchg ebx [esp];mov esp [esp];mov [esp] ecx;,pop eax;bswap eax;push eax;
90,push dword ptr [esp];pop ecx;push ecx;mov ecx esp;add ecx 4;add ecx 4;xor ecx [esp];xor [esp] ecx;xor ecx [esp];pop esp;push dword ptr [esp];pop eax;push eax;mov eax esp;add eax 4;add eax 4;xor eax [esp];xor [esp] eax;xor eax [esp];pop esp;push dword ptr [esp];mov edx [esp];add esp 4;push ebx;mov ebx esp;add ebx 4;add ebx 4;xchg ebx [esp];pop esp;idiv  ecx;push 59C7h;mov [esp] edx;push eax;pushf;,pop dword ptr [edx];
91,push dword ptr [esp];mov ecx [esp];add esp 4;push edi;mov edi esp;add edi 4;add edi 4;xchg edi [esp];pop esp;push dword ptr [esp];mov eax [esp];push ebp;mov ebp esp;add ebp 4;add ebp 4;xchg ebp [esp];pop esp;add esp 4;movzx ecx ax;sub esp 4;mov [esp] eax;mov eax esp;add eax 4;push ebp;mov ebp 4;sub eax ebp;pop ebp;xchg eax [esp];pop esp;mov [esp] ecx;,and dword ptr [edi+0] 0;
92,mov eax [esp];push ecx;mov ecx esp;add ecx 4;push esi;mov esi 4;add ecx esi;mov esi [esp];add esp 4;xchg ecx [esp];pop esp;and [esp] eax;pushf;,pop eax;pop ecx;imul ecx eax;push ecx;pushf;
93,push dword ptr [esp];mov eax [esp];add esp 4;push ebx;mov ebx esp;add ebx 4;add ebx 4;xchg ebx [esp];pop esp;push dword ptr [eax];,pop eax;or [esp] eax;pushf;
94,mov ax [esp];push ecx;mov ecx esp;push 253Bh;mov [esp] edi;mov edi 4;add ecx edi;pop edi;add ecx 2;xchg ecx [esp];pop esp;xor [esp] al;pushf;,pop ecx;pop eax;mul  ecx;push edx;push eax;pushf;
95,push dword ptr [edi+1Ch];popf;pop cx;rcr word ptr [esp] cl;pushf;,pop dword ptr [edx];
96,lodsw;xor ax bx;sub esp 2;mov [esp] bx;push bp;mov bp 0CFF7h;mov bx bp;pop bp;add ax bx;mov bx [esp];add esp 2;push bx;push dx;push small 1D7Fh;mov [esp] si;mov si 0F1B5h;mov dx si;pop si;mov bx dx;pop dx;add ax bx;pop bx;xor bx ax;movzx eax ax;push small 38E0h;mov [esp] ax;,pop cx;shl dword ptr [esp] cl;pushf;
97,mov cx [esp];push edx;push esp;pop edx;add edx 4;add edx 2;push edx;push dword ptr [esp+4];pop edx;pop dword ptr [esp];pop esp;ror dword ptr [esp] cl;pushf;,pop ax;xor [esp] al;pushf;
98,push dword ptr [edi+1Ch];popf;pop cx;rcr dword ptr [esp] cl;pushf;,lodsb;sub al bl;xor al 44h;sub al 0E0h;add bl al;movzx eax al;mov eax [edi+eax*4];add edx eax;
99,push ebx;mov ebx 0F06h;inc ebx;shr ebx 15h;push ecx;mov ecx 6156h;xor ebx ecx;pop ecx;add ebx 4114h;shl ebx 7;push ecx;mov ecx 51351Ch;xor ebx ecx;pop ecx;add ebx edi;mov eax [ebx];pop ebx;push 67E0h;mov [esp] edx;mov edx 1;and eax edx;mov edx [esp];push edx;mov edx esp;add edx 4;add edx 4;xchg edx [esp];pop esp;or eax eax;push eax;mov eax 3B02h;not eax;push ecx;mov ecx 0FFFFC3FFh;sub eax ecx;pop ecx;and [edi+1Ch] eax;mov eax [esp];add esp 4;push 3328h;mov [esp] ebx;mov ebx [esp];push ecx;mov ecx esp;add ecx 4;add ecx 4;xchg ecx [esp];pop esp;,and dword ptr [edi+1Ch] 0FFFFFBFFh;
100,lodsd;xor eax ebx;push ebx;mov ebx 3097h;dec ebx;push edx;mov edx 1A8C23FCh;add ebx edx;pop edx;xor eax ebx;mov ebx [esp];add esp 4;push esi;mov esi 42B67C4Fh;add eax esi;mov esi [esp];push ecx;mov ecx esp;push edi;mov edi 4;add ecx edi;pop edi;add ecx 4;xchg ecx [esp];pop esp;sub ebx eax;push small word ptr [eax];,pop cx;rol byte ptr [esp] cl;pushf;
101,push dword ptr [edi+1Ch];popf;pop cx;rcl word ptr [esp] cl;pushf;,lodsb;add al bl;xor al 0Bh;xor al 0B7h;add bl al;movzx eax al;push dword ptr [edi+eax*4];
102,push dword ptr [edi+1Ch];popf;pop cx;rcl dword ptr [esp] cl;pushf;,pop ax;and [esp] al;pushf;
103,mov cx [esp];push eax;mov eax esp;add eax 4;push ecx;mov ecx 2;add eax ecx;mov ecx [esp];add esp 4;xchg eax [esp];pop esp;shl word ptr [esp] cl;pushf;,not word ptr [esp];
104,mov esp [esp];,lodsb;sub al bl;xor al 16h;xor al 7Bh;sub bl al;movzx eax al;pop dword ptr [edi+eax*4];
105,mov cx [esp];push edx;push esp;pop edx;push ecx;mov ecx 4;add edx ecx;pop ecx;add edx 2;xchg edx [esp];pop esp;shl dword ptr [esp] cl;pushf;,or dword ptr [edi+1Ch] 400h;
106,lodsb;sub al bl;push dx;sub esp 2;mov [esp] bx;mov bh 0F0h;mov dh bh;pop bx;xor al dh;mov dx [esp];add esp 2;push ebx;push cx;mov cl 67h;mov bl cl;mov cx [esp];add esp 2;sub al bl;mov ebx [esp];add esp 4;xor bl al;movzx eax al;mov eax [edi+eax*4];push small word ptr [eax];,pop ecx;pop eax;imul  ecx;push edx;push eax;pushf;
107,mov ax [esp];push ebx;push esp;pop ebx;add ebx 4;add ebx 2;xchg ebx [esp];mov esp [esp];btr [esp] ax;pushf;,pop ax;pop cx;movsx cx al;push cx;
108,mov cx [esp];push eax;mov eax esp;push esi;mov esi 4;add eax esi;pop esi;add eax 2;xchg eax [esp];mov esp [esp];mov ax [esp];push eax;push esp;mov eax [esp];add esp 4;add eax 4;add eax 2;xchg eax [esp];pop esp;mov ax [esp];push esi;mov esi esp;push edx;mov edx 4;add esi edx;pop edx;add esi 2;xchg esi [esp];mov esp [esp];div  cx;push small 4B02h;mov [esp] dx;push ax;pushf;,lodsd;add eax ebx;sub eax 3BF44EDCh;add eax 36B18F13h;add ebx eax;push small word ptr [eax];
109,mov ax [esp];push edi;mov edi esp;push ecx;mov ecx 4;add edi ecx;pop ecx;push ecx;mov ecx 2;add edi ecx;pop ecx;xchg edi [esp];pop esp;mov cx [esp];sub esp 4;mov [esp] edx;mov edx esp;push edi;mov edi 4;add edx edi;pop edi;add edx 2;xchg edx [esp];pop esp;cmp cl al;pushf;,mov ebx 0;
110,mov ax [esp];push edi;mov edi esp;push ebx;mov ebx 4;add edi ebx;pop ebx;add edi 2;xchg edi [esp];mov esp [esp];mov cx [esp];push ecx;mov ecx esp;add ecx 4;add ecx 2;push ecx;push dword ptr [esp+4];pop ecx;pop dword ptr [esp];mov esp [esp];test cx ax;pushf;,pop eax;pop ecx;cmp ecx eax;pushf;
111,mov ax [esp];push eax;push esp;pop eax;add eax 4;push esi;mov esi 2;add eax esi;pop esi;xchg eax [esp];pop esp;mov fs:[edx] al;,lodsd;sub eax ebx;xor eax 6833B84Bh;xor eax 702B7C7Eh;add ebx eax;add eax [edi+2Ch];push eax;
112,push dword ptr [esp];pop ecx;push ebp;mov ebp esp;add ebp 4;add ebp 4;xchg ebp [esp];mov esp [esp];push dword ptr [esp];pop eax;push eax;push esp;pop eax;add eax 4;add eax 4;xchg eax [esp];pop esp;imul  ecx;push 4E6Dh;mov [esp] edx;push eax;pushf;,pop eax;sub [esp] eax;pushf;
113,push dword ptr [edi+1Ch];popf;pop ax;sbb [esp] al;pushf;,pop eax;adc [esp] eax;pushf;
114,push dword ptr [esp];push dword ptr [esp];pop eax;add esp 4;add esp 4;sub [esp] eax;pushf;,pop cx;pop ax;mul  cx;push dx;push ax;pushf;
115,push dword ptr [esp];pop eax;sub esp 4;mov [esp] esi;mov esi esp;add esi 4;add esi 4;xchg esi [esp];pop esp;or [esp] eax;pushf;,lodsd;add esi eax;mov ebx 0;
116,lodsd;sub eax ebx;push esi;mov esi esp;push ebx;mov ebx 4;add esi ebx;pop ebx;sub esi 4;xchg esi [esp];pop esp;mov [esp] esi;mov esi 6FFE9D44h;xor eax esi;pop esi;push 4669h;mov [esp] ebx;mov ebx 7396FDE0h;sub eax ebx;push dword ptr [esp];pop ebx;add esp 4;add ebx eax;add edx eax;,lodsb;sub al bl;add al 97h;add al 0F8h;xor bl al;movzx eax al;pop dx;mov [edi+eax*4] dl;
117,lodsb;xor al bl;push small 540Ch;mov [esp] cx;push ebx;mov bh 0FAh;mov ch bh;pop ebx;sub al ch;pop cx;push edx;mov dl 0ACh;add al dl;mov edx [esp];push esi;mov esi esp;add esi 4;add esi 4;push esi;push dword ptr [esp+4];pop esi;pop dword ptr [esp];pop esp;sub bl al;movzx eax al;pop dword ptr [edi+eax*4];,lodsd;sub eax ebx;sub eax 1AD675B6h;add eax 72313D6Eh;add ebx eax;movzx ax byte ptr [eax];push ax;
118,mov cx [esp];push ecx;push esp;pop ecx;add ecx 4;push ebx;mov ebx 2;add ecx ebx;pop ebx;xchg ecx [esp];pop esp;mov ax [esp];push 234h;mov [esp] ebp;mov ebp esp;add ebp 4;push ebx;mov ebx 2;add ebp ebx;pop ebx;xchg ebp [esp];pop esp;idiv  cl;movzx cx ah;push small 0ADFh;mov [esp] cx;movzx cx al;push cx;pushf;,pop eax;add [esp] eax;
119,mov eax [esp];push ebx;mov ebx esp;add ebx 4;push ecx;mov ecx 4;add ebx ecx;pop ecx;xor ebx [esp];xor [esp] ebx;xor ebx [esp];pop esp;bt [esp] eax;pushf;,pop ax;mov [edx] al;
120,pop dword ptr fs:[edx];,pop cx;shl dword ptr [esp] cl;pushf;
121,lodsb;sub al bl;push 0BC6h;mov [esp] ecx;mov ch 0FAh;xor al ch;mov ecx [esp];push esi;mov esi esp;add esi 4;add esi 4;xchg esi [esp];pop esp;push small 3537h;mov [esp] dx;push eax;mov ah 0A1h;mov dl ah;pop eax;xor al dl;mov dx [esp];add esp 2;xor bl al;movzx eax al;pop small word ptr [edi+eax*4];,push sp;
122,push dword ptr [edi+1Ch];popf;pop ax;adc [esp] al;pushf;,not byte ptr [esp];
123,lodsd;xor eax ebx;push edi;mov edi 2C51h;push ebx;mov ebx 4708h;add edi ebx;pop ebx;and edi 15D2h;and edi 427Bh;dec edi;add edi 53214D5h;xor eax edi;mov edi [esp];add esp 4;push ebp;mov ebp 7A8Bh;or ebp 327Eh;inc ebp;or ebp 789Dh;sub ebp 58DEh;shr ebp 4;push eax;push esi;mov esi 6917FA7Dh;mov eax esi;pop esi;add ebp eax;pop eax;sub eax ebp;pop ebp;add ebx eax;sub edx eax;,pop ax;adc [esp] al;pushf;
124,push 0CF6h;mov [esp] ecx;push edx;mov edx 5A26h;dec edx;not edx;add edx 5A52h;mov ecx edx;pop edx;add ecx edi;mov eax [ecx];pop ecx;add edx eax;,pop ax;inc word ptr [esp];pushf;
125,lodsd;add eax ebx;push ecx;mov ecx 70962435h;add eax ecx;push dword ptr [esp];mov ecx [esp];add esp 4;add esp 4;sub esp 4;mov [esp] edi;mov edi 7DA0F848h;add eax edi;mov edi [esp];push ebx;mov ebx esp;add ebx 4;add ebx 4;xchg ebx [esp];pop esp;sub ebx eax;pop small word ptr [eax];,pop cx;sar byte ptr [esp] cl;pushf;
126,pop dword ptr [edx];,pop ax;and [esp] ax;pushf;
127,mov cx [esp];push eax;sub esp 4;mov [esp] esp;add dword ptr [esp] 4;pop eax;add eax 4;add eax 2;xchg eax [esp];pop esp;sar word ptr [esp] cl;pushf;,pop cx;rol dword ptr [esp] cl;pushf;
128,push dword ptr [esp];pop ecx;push ecx;mov ecx esp;add ecx 4;add ecx 4;xchg ecx [esp];mov esp [esp];push dword ptr [esp];mov eax [esp];push ebp;mov ebp esp;add ebp 4;add ebp 4;xchg ebp [esp];pop esp;add esp 4;movzx ecx al;push ebx;mov ebx esp;add ebx 4;push esi;mov esi 4;sub ebx esi;pop esi;xor ebx [esp];xor [esp] ebx;xor ebx [esp];pop esp;mov [esp] ecx;,push edx;
129,mov sp [esp];,pop eax;dec dword ptr [esp];pushf;
130,mov eax [esp];push 6829h;mov [esp] edx;mov edx esp;add edx 4;add edx 4;xchg edx [esp];mov esp [esp];mov ecx [esp];push ecx;mov ecx esp;push esi;mov esi 4;add ecx esi;pop esi;push edi;mov edi 4;add ecx edi;pop edi;xchg ecx [esp];pop esp;push ebx;mov ebx 148Fh;push ecx;mov ecx 3C96h;and ebx ecx;pop ecx;sub ebx 1486h;add ebx eax;mov [ebx] ecx;mov ebx [esp];add esp 4;,pop eax;sub [esp] eax;
131,lodsb;sub al bl;push ecx;mov ch 31h;add ch 22h;not ch;inc ch;xor ch 0F3h;or ch 23h;add ch 0ACh;sub al ch;mov ecx [esp];add esp 4;push cx;push bx;mov bl 0D1h;mov cl bl;pop bx;push bx;mov bh 99h;sub cl bh;pop bx;sub al cl;pop cx;add bl al;movzx eax al;lea eax [edi+eax*4];push 1DCh;mov [esp] eax;,pop eax;inc dword ptr [esp];pushf;
132,push dword ptr [esp+4];push dword ptr [esp];mov eax [esp];add esp 4;add esp 4;push ebx;mov ebx 3202h;shl ebx 6;or ebx 5FD0h;inc ebx;xor ebx 0CDFEDh;add ebx edi;push ecx;mov ecx 0;jmp $+5;add ecx ebx;mov [ecx] eax;mov ecx [esp];add esp 4;pop ebx;mov eax [esp];push eax;mov eax esp;push edi;mov edi 4;add eax edi;pop edi;push ebp;mov ebp 4;add eax ebp;pop ebp;xchg eax [esp];pop esp;push eax;push esp;pop eax;add eax 4;push esi;mov esi 4;add eax esi;pop esi;xchg eax [esp];mov esp [esp];sub esp 4;mov [esp] ecx;mov ecx esp;push edi;mov edi 4;add ecx edi;pop edi;sub ecx 4;xchg ecx [esp];pop esp;mov [esp] eax;,pop cx;shl word ptr [esp] cl;pushf;
133,mov eax [esp];push edx;push esp;pop edx;push ecx;mov ecx 4;add edx ecx;pop ecx;add edx 4;xchg edx [esp];pop esp;sub [esp] eax;,pop cx;rcl word ptr [esp] cl;pushf;
134,push ecx;push edx;mov edx 0;mov ecx edx;pop edx;push ecx;pop ebx;mov ecx [esp];add esp 4;,lodsw;xor ax bx;add ax 0CFF7h;add ax 0F1B5h;xor bx ax;movzx eax ax;push ax;
135,mov cx [esp];sub esp 4;mov [esp] ebp;mov ebp esp;add ebp 4;add ebp 2;xchg ebp [esp];mov esp [esp];mov ax [esp];push ecx;push esp;pop ecx;add ecx 4;add ecx 2;xor ecx [esp];xor [esp] ecx;xor ecx [esp];pop esp;mov dx [esp];push edi;push 39AFh;mov [esp] esp;add dword ptr [esp] 4;pop edi;add edi 4;add edi 2;xchg edi [esp];pop esp;idiv  cx;push small 3950h;mov [esp] dx;push ax;pushf;,pop ax;btr [esp] ax;pushf;
136,mov cx [esp];push esi;push esp;mov esi [esp];add esp 4;add esi 4;add esi 2;xchg esi [esp];pop esp;rol dword ptr [esp] cl;pushf;,pop eax;pop ecx;movsx ecx ax;push ecx;
137,push esi;push edx;mov edx 0FEh;mov esi edx;pop edx;and [edi+1Ch] esi;push dword ptr [esp];pop esi;add esp 4;,lodsd;sub eax ebx;xor eax 67AD95B8h;sub eax 0C1BEF7Ch;sub ebx eax;pop small word ptr [eax];
138,mov ecx [esp];push ebp;mov ebp esp;push esi;mov esi 4;add ebp esi;pop esi;push eax;mov eax 4;add ebp eax;pop eax;xchg ebp [esp];pop esp;push dword ptr [esp];pop eax;push ebx;mov ebx esp;add ebx 4;add ebx 4;push ebx;push dword ptr [esp+4];pop ebx;pop dword ptr [esp];pop esp;mul  ecx;sub esp 4;mov [esp] edx;push esp;pop edx;add edx 4;sub edx 4;xchg edx [esp];pop esp;mov [esp] edx;push eax;pushf;,push small word ptr [edx];
139,lodsb;xor al bl;push dx;push bx;push dx;mov dl 0B1h;mov bl dl;pop dx;mov dl bl;mov bx [esp];add esp 2;xor al dl;pop dx;push bx;mov bh 0F2h;add bh 2;add al bh;mov bx [esp];push ebp;mov ebp esp;add ebp 4;add ebp 2;xchg ebp [esp];pop esp;xor bl al;movzx eax al;mov dx [esp];sub esp 4;mov [esp] edx;mov edx esp;add edx 4;add edx 2;xchg edx [esp];mov esp [esp];mov [edi+eax*4] dl;,pop ax;bts [esp] ax;pushf;
140,mov ax [esp];push ecx;push esp;pop ecx;add ecx 4;push eax;mov eax 2;add ecx eax;pop eax;xchg ecx [esp];pop esp;bts [esp] ax;pushf;,pop ax;sub [esp] ax;pushf;
141,lodsb;xor al bl;push ebx;mov bl 0CEh;sub al bl;mov ebx [esp];push edi;push esp;pop edi;add edi 4;add edi 4;xchg edi [esp];pop esp;push 2164h;mov [esp] edx;sub esp 2;mov [esp] cx;mov ch 39h;mov dl ch;pop cx;sub al dl;pop edx;add bl al;push eax;push esi;mov esi 3FCh;mov eax esi;pop esi;add edi eax;mov eax [esp];push edx;mov edx esp;add edx 4;add edx 4;xchg edx [esp];pop esp;movzx eax al;push dword ptr [edi+eax*4];push 2B42h;mov [esp] edx;mov edx 3FCh;sub edi edx;mov edx [esp];push ebp;mov ebp esp;add ebp 4;add ebp 4;xchg ebp [esp];pop esp;retn;,lodsb;xor al bl;sub al 98h;xor al 4Ah;add bl al;movzx eax al;mov eax [edi+eax*4];movzx ax byte ptr [eax];push ax;
142,pop small word ptr [edx];,pop cx;shr dword ptr [esp] cl;pushf;
143,mov eax [esp];sub esp 4;mov [esp] ecx;mov ecx esp;push esi;mov esi 4;add ecx esi;pop esi;add ecx 4;xchg ecx [esp];pop esp;inc dword ptr [esp];pushf;,pop edx;
144,push ebx;mov ebx esp;add ebx 4;sub ebx 4;xor ebx [esp];xor [esp] ebx;xor ebx [esp];pop esp;mov [esp] esi;mov esi 200h;or [edi+1Ch] esi;pop esi;,mov dword ptr [edi+30h] 0;popa;popf;retn;
145,mov cx [esp];push ebx;mov ebx esp;add ebx 4;push edi;mov edi 2;add ebx edi;pop edi;xchg ebx [esp];mov esp [esp];sar byte ptr [esp] cl;pushf;,pop cx;rcr byte ptr [esp] cl;pushf;
146,mov ax [esp];push ecx;mov ecx esp;push 26F1h;mov [esp] esi;mov esi 4;add ecx esi;pop esi;add ecx 2;xchg ecx [esp];pop esp;or [esp] ax;pushf;,or dword ptr [edi+1Ch] 1;
147,mov edx [esp];push ebp;push esp;pop ebp;add ebp 4;push ebx;mov ebx 4;add ebp ebx;pop ebx;xchg ebp [esp];pop esp;,pop eax;xor [esp] eax;pushf;
148,push dword ptr fs:[edx];,pop ax;dec byte ptr [esp];pushf;
149,lodsd;sub eax ebx;push ebx;mov ebx 353608E7h;add eax ebx;push dword ptr [esp];pop ebx;push esi;mov esi esp;add esi 4;add esi 4;xchg esi [esp];pop esp;push edi;push 264Ah;mov [esp] ecx;mov ecx 3F1E5F52h;mov edi ecx;mov ecx [esp];add esp 4;add eax edi;pop edi;xor ebx eax;pop dword ptr [eax];,pop ax;pop cx;movzx cx al;push cx;
